{"cameraMode":{"drawMode":0,"name":"Shaded","section":"Shading Mode"},"sceneLighting":false,"audioPlay":false,"sceneViewState":{"showFog":true,"showMaterialUpdate":false,"showSkybox":false,"showFlares":true,"showImageEffects":true,"showParticleSystems":true},"in2DMode":false,"pivot":{"x":0.2727212905883789,"y":2.8945703506469728,"z":-1.99342942237854},"rotation":{"x":-0.14193877577781678,"y":-0.15903285145759583,"z":0.02312973514199257,"w":-0.9767566323280335},"size":40.44590759277344,"orthographic":false}